{
  "info": {
    "_postman_id": "TRENDING-PRODUCT-API-2025-09-17",
    "name": "Trending Product API (Raajsi Backend)",
    "schema": "https://schema.getpostman.com/json/collection/v2.1.0/collection.json",
    "description": "Postman collection for Trending Product endpoints (add and get)"
  },
  "item": [
    {
      "name": "Add Trending Product (Images)",
      "request": {
        "method": "POST",
        "header": [
          { "key": "Content-Type", "value": "multipart/form-data" }
        ],
        "body": {
          "mode": "formdata",
          "formdata": [
            {
              "key": "image",
              "type": "file",
              "src": "",
              "description": "Upload one or more product images"
            },
            {
              "key": "prevImages",
              "type": "text",
              "value": "[]",
              "description": "JSON array of previous image URLs to keep (e.g. [\"https://...\"])"
            }
          ]
        },
        "url": {
          "raw": "{{baseUrl}}/admin/trending_product/add",
          "host": ["{{baseUrl}}"],
          "path": ["admin", "trending_product", "add"]
        }
      }
    },
    {
      "name": "Get All Trending Products",
      "request": {
        "method": "GET",
        "header": [],
        "url": {
          "raw": "{{baseUrl}}/trending_product/all",
          "host": ["{{baseUrl}}"],
          "path": ["trending_product", "all"]
        }
      }
    }
  ],
  "variable": [
    { "key": "baseUrl", "value": "http://localhost:5000" }
  ]
}
